name,price,caffeine,sweetness,milk,description
Warrior's Americano,3.5,high,none,none,Bold espresso diluted with hot water
Vanilla Oat Cold Brew,5.25,high,medium,oat,Cold brew with oat milk and vanilla flavor
Half-Caf Vanilla Oat Latte,5.5,low,medium,oat,Half-caf espresso with oat milk and vanilla flavor
Matcha Oat Latte,5,low,medium,oat,Earthy matcha with creamy oat milk
Herbal Iced Tea,3.75,none,low,none,Caffeine-free herbal tea over ice
Maple Cinnamon Iced Coffee,4.75,high,medium,none,Iced coffee with maple and cinnamon flavor
Brown Sugar Shaken Espresso,5.75,high,medium,oat,Shaken espresso with brown sugar flavor and oat milk
Salted Caramel Cold Brew,5.95,high,high,dairy,Cold brew with caramel flavor and dairy cold foam
Mocha Oat Latte,5.65,high,high,oat,Espresso with cocoa flavor and oat milk
Honey Lavender Latte,5.85,high,medium,dairy,Espresso with honey and lavender flavors
Pistachio Cappuccino,5.75,high,medium,dairy,Espresso with foamed milk and pistachio flavor
Strawberry Matcha Oat Latte,5.95,low,medium,oat,Matcha with strawberry flavor and oat milk
Mango Matcha Cooler,5.75,low,medium,none,Iced matcha with mango flavor and water
Blueberry Iced Matcha,5.75,low,medium,dairy,Iced matcha with blueberry flavor and milk
Iced Chai Oat Latte,5.25,low,high,oat,Spiced chai concentrate with oat milk over ice
Peach Hibiscus Iced Tea,4.25,none,medium,none,Caffeine-free hibiscus tea with peach flavor
Citrus Mint Spritzer,4.5,none,low,none,Sparkling citrus and mint drink
Berry Lemonade Cooler,4.75,none,high,none,Strawberry and blueberry flavored lemonade
Eric's Banana Cream Frozen Coffee,6.25,high,high,dairy,Blended coffee with banana flavor and dairy cream
Chocolate Cookie Frappe,6.25,high,high,dairy,Blended coffee with cocoa flavor and cookie crumbs
Pumpkin Spice Oat Latte,5.85,high,medium,oat,Seasonal espresso drink with pumpkin spice flavor and oat milk
Vanilla Bean Steamer,4.25,none,medium,dairy,Warm milk with vanilla flavor and no coffee
GSB Smoothie ,7,none,medium,none,"Special Guava Strawberry Banana (GSB) smoothie, yum!"